timestamp,role,message_summary,task_category,code_generated
2025-11-04 23:50:00,user,Asked to continue MP3 project from previous session,project_continuation,false
2025-11-04 23:52:00,assistant,Found MP3 project in CHI directory and read README requirements,project_analysis,false
2025-11-04 23:54:00,assistant,Analyzed existing server.js and route implementations,code_analysis,false
2025-11-04 23:55:00,assistant,Read and verified User and Task model schemas,schema_verification,false
2025-11-04 23:56:00,assistant,Examined users.js route with all CRUD operations and query parameters,code_review,false
2025-11-04 23:57:00,assistant,Examined tasks.js route with two-way reference handling,code_review,false
2025-11-04 23:58:00,assistant,Started server and tested API endpoints with curl,testing,false
2025-11-04 23:59:00,assistant,Created comprehensive API test script (api_test.py),testing,true
2025-11-05 00:01:00,assistant,Ran 23 comprehensive tests - all passed successfully,testing,false
2025-11-05 00:03:00,user,Requested line-by-line requirements verification,requirements_verification,false
2025-11-05 00:05:00,assistant,Systematically verified every single requirement from assignment,requirements_analysis,false
2025-11-05 00:07:00,assistant,Tested complex query examples from requirements (where with $in operator),testing,false
2025-11-05 00:08:00,assistant,Tested combined query parameters (sort + skip + limit),testing,false
2025-11-05 00:10:00,assistant,Identified .gitignore issue with commented .env line,bug_identification,false
2025-11-05 00:11:00,assistant,Fixed .gitignore to uncomment .env line,bug_fix,true
2025-11-05 00:12:00,assistant,Committed and pushed .gitignore fix to prevent credential exposure,git_operations,false
2025-11-05 00:13:00,user,Asked about git changes reflecting in Render deployment,deployment_question,false
2025-11-05 00:14:00,assistant,Explained auto-deploy functionality in Render,deployment_explanation,false
2025-11-05 00:15:00,user,Confirmed auto-deploy on commit is enabled,deployment_confirmation,false
2025-11-05 00:16:00,user,Provided Render URL: https://mp3-1u04.onrender.com/,deployment_info,false
2025-11-05 00:17:00,assistant,Tested live Render deployment with multiple endpoints,live_testing,false
2025-11-05 00:18:00,assistant,Verified all live API functionality working perfectly,live_verification,false
2025-11-05 00:19:00,user,Asked about Postman requirement,clarification_request,false
2025-11-05 00:20:00,assistant,Clarified Postman was suggestion not requirement,requirement_clarification,false
2025-11-05 00:21:00,user,Requested references for submission form,academic_integrity,false
2025-11-05 00:22:00,assistant,Provided comprehensive list of technical references and LLM usage declaration,reference_documentation,false
2025-11-05 00:23:00,user,Requested LLM logs CSV for repository,academic_compliance,false
2025-11-05 00:24:00,assistant,Creating llm_logs.csv file documenting our entire conversation,documentation,true